ID,CLÁUSULA
1,"(i) Diseñar, sin costo alguno, el espacio dentro de la Plataforma Rappi para que el Aliado comercial pueda exhibir, ofrecer y comercializar sus Productos;",,Nombre del archivo (contrato),Clausulas extra,Clausulas extra,Clausulas extra,Clausulas extra,Clausulas extra
2,"(ii) Disponer de la Plataforma Rappi para que los Usuarios/Consumidores puedan adquirir los Productos exhibidos, ofrecidos y comercializados por el Aliado Comercial a través de la misma (se exceptúan casos de fuerza mayor, caso fortuito e inconvenientes técnicos mayores de la Plataforma Rappi); ",,,,,,,
3,"(iii) Compartir un reporte semanal detallado de las ventas realizadas por el Aliado Comercial a través de la Plataforma Rappi, indicando número de orden y Productos vendidos. Se aclara que dicho reporte podrá ser compartido por medio del Portal de Partners o a través del mecanismo definido por parte de Rappi;",,,,,,,
4,"(iv)  Cubrir el _____________ % (_____ por ciento)  del valor total de las órdenes canceladas, cuya cancelación no sea culpa exclusiva del Aliado Comercial. Se aclara que dentro de dicho porcentaje no se tendrá en cuenta el valor de los Productos que no requieren preparación. 
5,"(iv) Reembolsar hasta $25.00 M.N. (veinticinco pesos 00/100 Moneda Nacional) por el costo de envío de las órdenes realizadas a los Establecimientos de Comercio del Aliado Comercial por parte de los Usuarios/Consumidores que pertenezcan al Programa RappiPro, siempre y cuando dicha orden tenga el beneficio de costo de envío, de acuerdo con los términos y condiciones del Programa RappiPro. Lo anterior, dado que en dichas órdenes los Usuarios/Consumidores no deberán pagar ningún valor por concepto de costo de envío. ",,,,,,,
6,"(i) Entregar a Rappi, de manera gratuita, los logotipos, imagotipos, isotipos, isológos y artes de su Marca en el formato requerido por Rappi para ser exhibidas a través de la Plataforma Rappi; ",,,,,,,
7,"(ii) Diligenciar la información del Catálogo en los formatos requeridos por Rappi (i.e. Productos, precios, características técnicas y descripción); ",,,,,,,
8,"(iii) Notificar a Rappi, dentro de un periodo razonable, cualquier modificación del Catálogo (Productos, precios, características técnicas y/o descripción), cambio de dirección de los Establecimientos de Comercio, horarios de operación de los Establecimientos de Comercio, entre otros cambios considerables; ",,,,,,,
9,(iv) Responder por la totalidad de la información que se exhiba en su tienda virtual al interior de la Plataforma Rappi;,,,,,,,
10,"(v) Ofrecer, a través de la Plataforma Rappi, la misma calidad en los Productos que ofrece a través de cualquier otro canal;",,,,,,,
11,"(vi) Ofrecer en la Plataforma Rappi los mismos precios de los Productos que ofrece a través de cualquier otro canal, incluyendo la totalidad de descuentos y/o promociones. Se aclara que Rappi podrá cobrar al Usuario/Consumidor valores adicionales para poder realizar la orden a través de la Plataforma Rappi; ",,,,,,,
12,"(vii) Autorizar el uso de los logotipos, imagotipos, isotipos, isológos y artes de la Marca por parte de Rappi para publicaciones físicas y digitales (ej. Instagram, flyers, etc.)",,,,,,,
13,(viii) Ubicar en un lugar visible de los Establecimientos de Comercio el material POP suministrado por Rappi para promocionar la comercialización de sus Productos por medio de la Plataforma Rappi; ,,,,,,,
14,(ix) Promocionar a través sus redes sociales la posibilidad de adquirir sus Productos por medio de la Plataforma Rappi; ,,,,,,,
15,"(x) Tramitar todas las órdenes que se soliciten de sus Establecimientos de Comercio a través de la Plataforma Rappi, de conformidad con lo solicitado por los Usuarios/Consumidores. De esta manera, el Aliado Comercial será responsable de preparar los Productos y alistar las órdenes, de acuerdo con los solicitado por los Usuarios/Consumidores a través de la Plataforma Rappi. En el caso en el que Rappi identifique que los Productos y/o las órdenes no están siendo tramitadas de conformidad con lo solicitado por los Usuarios/Consumidores, podrá: (a) suspender y/o apagar los Productos en los que se presentan errores; y/o (b) apagar y/o suspender Establecimientos de Comercio donde se estén presentando errores; ",,,,,,,
16,(xi) No preparar las órdenes que no sean tramitadas/aceptadas dentro de los 7 (siete) primeros minutos posteriores a la recepción de las mismas al interior de la Plataforma Rappi. Dichas órdenes serán eliminadas inmediatamente del sistema;,,,,,,,
17,(xii) Emitir el ticket de cada orden que se solicite de sus Establecimientos de Comercio a través de la Plataforma Rappi. Se aclara que en ningún caso el ticket se podrá emitir a nombre de Rappi;,,,,,,,
18,"(xiii) Entregar los Productos a los Repartidores Independientes en empaques adecuados y totalmente sellados, que preserven la calidad integral de los Productos. De igual forma, junto con los Productos, el Aliado Comercial deberá entregar: (a) los accesorios necesarios para el consumo, tales como cubiertos, servilletas, salsas y condimentos correspondientes; y (b) el correspondiente ticket, de conformidad con lo establecido en los presentes Términos y Condiciones. Los Repartidores Independientes no deberán pagar ningún valor para poder retirar los Productos de los Establecimientos de Comercio; ",,,,,,,
19,(xiv) Verificar que cada orden sea entregada al Repartidor Independiente correcto. Se aclara que el Aliado Comercial será el único responsable de que los Productos sean entregados al Repartidor Independiente que se encuentra gestionando la orden; ,,,,,,,
20,"(xv) En el caso en el que el Usuario/Consumidor reciba un Producto errado o una orden incompleta, el Aliado Comercial deberá asumir el valor del(los) Producto(s) errado(s) y/o faltante(s). De esta manera, el Aliado Comercial autoriza el descuento semanal de dichos valores del total de sus ventas a través de la Plataforma Rappi. El valor pagadero por parte del Aliado Comercial a Rappi, mencionado anteriormente, es de carácter adicional a aquel pagado por concepto de Uso y Alquiler de la Plataforma Rappi;",,,,,,,
21,"(xvi) En el caso en el que el Aliado Comercial se demore 5 (cinco) minutos o más en entregar la orden al Repartidor Independiente después de finalizado el Cooking Time, el Aliado Comercial deberá compensar a Rappi por la suma de $10.00 M.N. (diez pesos 00/100 Moneda Nacional). De esta forma, el Aliado Comercial autoriza el descuento semanal de dichos valores del total de sus ventas generadas a través de la Plataforma Rappi. El valor pagadero por parte del Aliado Comercial a Rappi, mencionado anteriormente, es de carácter adicional a aquel pagado por concepto de Uso y Alquiler de la Plataforma Rappi;",,,,,,,
22,"(xiii) Entrenar a sus domiciliarios de tal forma que cumplan con los siguientes criterios específicos de calidad en la prestación de los servicios de domicilios: (a) puntualidad en la recogida y entrega de los Productos a los Usuarios/Consumidores; (b) brindar una atención de calidad a los Usuarios/Consumidores; y (c) cumplir con las medidas de seguridad para realizar un transporte adecuado de los Productos solicitados por los Usuarios/Consumidores, de acuerdo con la Ley Aplicable. Se aclara que el Aliado Comercial responderá por la totalidad de las acciones u omisiones de sus domiciliarios, entendiéndose que en ningún caso Rappi responderá por dichos domiciliarios;",,,,,,,
23,"(xiv) Entregar los Productos a los Usuarios/Consumidores en empaques adecuados y totalmente sellados, que preserven la calidad integral de los Productos. De igual forma, junto con los Productos, el Aliado Comercial deberá entregar: (a) los accesorios necesarios para el consumo, tales como cubiertos, servilletas, salsas y condimentos correspondientes; y (b) el correspondiente ticket, de conformidad con lo establecido en los presentes Términos y Condiciones; ",,,,,,,
24,"(xv) Responder ante el Usuario/Consumidor frente a cualquier inconveniente con la orden. En el caso en el que Rappi tenga conocimiento de cualquier inconveniente, el Aliado Comercial deberá otorgar una respuesta y corregir el inconveniente dentro de un plazo máximo de 2 (dos) horas; ",,,,,,,
25,"(xvi) Asumir el valor de las compensaciones que se otorguen a los Usuarios/Consumidores por órdenes que tengan peticiones, quejas o reclamos (en adelante, “PQR’s”) por inconvenientes con el(los) Producto(s) o por la no entrega del(os) mismo(s). El valor de la compensación será cobrado al Aliado Comercial de conformidad con lo establecido en los presentes Términos y Condiciones;",,,,,,,
26,"(xvii) Tramitar las cancelaciones de las órdenes en donde se presente algún inconveniente, entendiéndose que en la modalidad MarketPlace el Usuario/Consumidor no podrá realizar dicha cancelación. Se aclara que Rappi no pagará al Aliado Comercial ninguna orden cancelada; ",,,,,,,
27,"(xviii) Notificar a Rappi cualquier inconveniente relacionado con la entrega de una orden al Usuario/Consumidor, entendiéndose que en la modalidad MarketPlace las órdenes se cierran automáticamente al concluirse los 30 (treinta) minutos posteriores al momento en el que el Aliado Comercial selecciona el estado correspondiente a: “en camino”. Se aclara que en ningún caso Rappi reembolsará al Aliado Comercial las órdenes que no sean debidamente entregadas a los Usuarios/Consumidores, de conformidad con los presentes Términos y Condiciones; ",,,,,,,
28,"(xix Market Place) (xvii Full Service). Dar una compensación equivalente al 10% (diez por ciento) del valor de la orden al Usuario/Consumidor en los casos en los que tome más de 40 (cuarenta) minutos en preparar la totalidad de la orden. El valor total de estas compensaciones será descontado del valor total a ser reembolsado por parte de Rappi al Aliado Comercial, de conformidad con los presentes Términos y Condiciones;",,,,,,,
29,"(xx Market Place) (xviii Full Service) Gestionar y obtener los permisos/licencias/autorizaciones necesarias para el correcto funcionamiento de sus Establecimientos de Comercio, en cumplimiento de la Ley Aplicable; ",,,,,,,
30,(xxi Market Place) (xix Full Service) Permitir el acceso y revisión por parte de Rappi de las tablets y/o de los dispositivos móviles usados por el Aliado Comercial para tramitar las órdenes realizadas por los Usuarios/Consumidores a través de la Plataforma Rappi;,,,,,,,
31,"(xxii Market Place) (xx Full Service) Abstenerse de reproducir, copiar y/o desarrollar el software de cualquier plataforma desarrollada por Rappi;",,,,,,,
32,(xxiii Market Place) (xxi Full Service) Eliminar todo el software que pertenezca a Rappi una vez cese el uso de la Plataforma Rappi por parte del Aliado Comercial. ,,,,,,,
33,"El Aliado Comercial declara y acepta que Rappi, en cualquier momento, podrá: (i) apagar y/o suspender Establecimientos de Comercio; (ii) apagar y/o suspender Productos; (iii) aumentar o reducir el Radio de Cobertura de los Establecimientos de Comercio; (iv) habilitar o deshabilitar métodos de pago; y/o (v) hacer uso de cualquier herramienta que permita balancear la demanda de la Plataforma Rappi, sin que se configure incumplimiento de ningún tipo por parte de Rappi.",,,,,,,
34,"El Aliado Comercial reconoce que es el entero responsable por la calidad, higiene, elaboración y seguridad de los ingredientes de los Productos y acepta cumplir con toda la Ley Aplicable en materia de seguridad alimentaria. Rappi no será responsable en ningún grado por cualquier incumplimiento del Aliado Comercial de los criterios anteriores. En el caso en el que el Usuario/Consumidor presente un reclamo con relación a la calidad, higiene, elaboración y seguridad de los ingredientes de los Productos, el Aliado Comercial deberá asumir el valor de los mismos. De esta manera, el Aliado Comercial autoriza el descuento semanal de dichos valores del total de sus ventas a través de la Plataforma Rappi. El valor pagadero por parte del Aliado Comercial a Rappi, mencionado anteriormente, es de carácter adicional a aquel pagado por concepto de Uso y Alquiler de la Plataforma Rappi.",,,,,,,
35,"El Aliado Comercial pagará a Rappi la siguiente suma por concepto del Uso y Alquiler de la Plataforma Rappi: Se pagará el _____ % (_____ por ciento) más IVA sobre el valor total de las ventas realizadas por el Aliado Comercial por medio de la Plataforma Rappi. Este porcentaje se calculará semanalmente sobre el precio de los Productos del Aliado Comercial en la Plataforma Rappi. 

Las órdenes que no sean tomadas por el Aliado Comercial dentro de los 7 (siete) minutos siguientes, después de haber sido solicitadas y tramitadas a través de la Plataforma Rappi, serán incluidas como órdenes tomadas y sumarán al valor final cobrado por concepto de Uso y Alquiler de la Plataforma Rappi en la relación de ventas.",,,,,,,
36," El Aliado Comercial pagará a Rappi, por concepto del Uso y Alquiler de la Plataforma Rappi un porcentaje variable sobre el valor total de las ventas realizadas por el Aliado Comercial por medio de la Plataforma Rappi. Dicho porcentaje variará dependiendo del mes de ejecución de los presentes Términos y Condiciones, de conformidad con lo establecido a continuación:

*EJEMPLO* Mes 1: 15% + IVA; ,Mes 2: 15% + IVA; ,Mes 3: 15% + IVA; ,Mes 4: 20% + IVA; ,Mes 5: 20% + IVA; ,Mes 6: 20% + IVA. *EJEMPLO*

Se aclara que este porcentaje se calculará sobre el precio de los Productos del Aliado Comercial en la Plataforma Rappi. Asimismo, las Partes entienden que el porcentaje variable establecido en la presente cláusula aplicará únicamente durante la vigencia inicial de los presentes Términos y Condiciones. Cualquier prórroga y/o renovación de los presentes Términos y Condiciones se regirá por el porcentaje de Uso y Alquiler de la Plataforma Rappi correspondiente al último mes indicado en el párrafo precedente.

Las órdenes que no sean tomadas por el Aliado Comercial dentro de los siete (7) minutos siguientes después de haber sido solicitadas y tramitadas a través de la Plataforma Rappi, serán incluidas como órdenes tomadas y sumarán al valor final cobrado por concepto de Uso y Alquiler Plataforma Rappi en la relación de ventas.
",,,,,,,
37,"El Aliado Comercial pagará a Rappi, por concepto del uso y alquiler de la Plataforma Rappi un porcentaje variable sobre el valor total de las ventas realizadas por el Aliado Comercial por medio de la Plataforma Rappi. Dicho porcentaje variará dependiendo de las ventas del Aliado Comercial por medio de la Plataforma Rappi generadas de forma  ______________ (MENSUAL / BIMESTRAL / TRIMESTRAL), de conformidad con lo establecido a continuación:

*EJEMPLO* Entre MX$0 y MX$1000 ventas por período: 15% + IVA; ,Entre MX$1000 y MX$2000 ventas por período: 20% + IVA; Entre MX$2000 y MX$3000 ventas por período: 25% + IVA;  *EJEMPLO*

Se aclara que este porcentaje se calculará sobre el precio de los Productos del Aliado Comercial en la Plataforma Rappi. Asimismo, las Partes aceptan que en caso de superar el monto máximo de ventas establecido en el párrafo precedente para el período correspondiente, el porcentaje a aplicar en concepto de Uso y Alquiler de la Plataforma Rappi será el correspondiente al del último escalón según el monto de ventas alcanzado.

Las órdenes que no sean tomadas por el Aliado Comercial dentro de los siete (7) minutos siguientes después de haber sido solicitadas y tramitadas a través de la Plataforma Rappi, serán incluidas como órdenes tomadas y sumarán al valor final cobrado por concepto de Uso y Alquiler Plataforma Rappi en la relación de ventas.",,,,,,,
38," El Aliado Comercial pagará a Rappi, por concepto del Uso y Alquiler de la Plataforma Rappi un porcentaje variable sobre el valor total de las órdenes realizadas por el Aliado Comercial por medio de la Plataforma Rappi. Dicho porcentaje variará dependiendo de las órdenes del Aliado Comercial por medio de la Plataforma Rappi generadas de forma  ______________ (MENSUAL / BIMESTRAL / TRIMESTRAL), de conformidad con lo establecido a continuación:

*EJEMPLO* Entre 0 y 100 órdenes por período: 15% + IVA; Entre 100 y 500 órdenes por período: 20% + IVA; Entre 500 y 1000 órdenes por período: 25% + IVA;  *EJEMPLO*

Se aclara que este porcentaje se calculará sobre el precio de los Productos del Aliado Comercial en la Plataforma Rappi. Asimismo, las Partes aceptan que en caso de superar la cantidad máxima de órdenes establecidas en el párrafo precedente para el período correspondiente, el porcentaje a aplicar en concepto de Uso y Alquiler de la Plataforma Rappi será el correspondiente al del último escalón según la cantidad de órdenes alcanzada.

Se aclara que dicho porcentaje será descontado por Rappi tanto para las órdenes pagadas por los Usuarios/Consumidores con Métodos de Pago In-App como para aquellas pagadas por los Usuarios/Consumidores con Métodos de Pago Offline.

Las órdenes que no sean tomadas por el Aliado Comercial dentro de los siete (7) minutos siguientes después de haber sido solicitadas y tramitadas a través de la Plataforma Rappi, serán incluidas como órdenes tomadas y sumarán al valor final cobrado por concepto de Uso y Alquiler Plataforma Rappi en la relación de ventas.

",,,,,,,
39," El Aliado Comercial pagará a Rappi, por concepto del Uso y Alquiler de la Plataforma Rappi un porcentaje variable sobre el valor total de las ventas realizadas por el Aliado Comercial por medio de la Plataforma Rappi. Dicho porcentaje variará dependiendo del mes de ejecución de los presentes Términos y Condiciones, de conformidad con lo establecido a continuación:

*EJEMPLO* Mes 1: 15% + IVA; ,Mes 2: 15% + IVA; ,Mes 3: 15% + IVA; ,Mes 4: 20% + IVA; ,Mes 5: 20% + IVA; ,Mes 6: 20% + IVA. *EJEMPLO*

Se aclara que este porcentaje se calculará sobre el precio de los Productos del Aliado Comercial en la Plataforma Rappi. Asimismo, las Partes entienden que el porcentaje variable establecido en la presente cláusula aplicará únicamente durante la vigencia inicial de los presentes Términos y Condiciones. Cualquier prórroga y/o renovación de los presentes Términos y Condiciones se regirá por el porcentaje de Uso y Alquiler de la Plataforma Rappi correspondiente al último mes indicado en el párrafo precedente.

Se aclara que dicho porcentaje será descontado por Rappi tanto para las órdenes pagadas por los Usuarios/Consumidores con Métodos de Pago In-App como para aquellas pagadas por los Usuarios/Consumidores con Métodos de Pago Offline.

Las órdenes que no sean tomadas por el Aliado Comercial dentro de los siete (7) minutos siguientes después de haber sido solicitadas y tramitadas a través de la Plataforma Rappi, serán incluidas como órdenes tomadas y sumarán al valor final cobrado por concepto de Uso y Alquiler Plataforma Rappi en la relación de ventas.
",,,,,,,
40," El Aliado Comercial pagará a Rappi, por concepto del Aso y Alquiler de la Plataforma Rappi un porcentaje variable sobre el valor total de las ventas realizadas por el Aliado Comercial por medio de la Plataforma Rappi. Dicho porcentaje variará dependiendo de las ventas del Aliado Comercial por medio de la Plataforma Rappi generadas de forma  ______________ (MENSUAL / BIMESTRAL / TRIMESTRAL), de conformidad con lo establecido a continuación:

*EJEMPLO* Entre MX$0 y MX$1000 ventas por período: 15% + IVA; ,Entre MX$1000 y MX$2000 ventas por período: 20% + IVA; ,Entre MX$2000 y MX$3000 ventas por período: 25% + IVA;  *EJEMPLO*

Se aclara que este porcentaje se calculará sobre el precio de los Productos del Aliado Comercial en la Plataforma Rappi. Asimismo, las Partes aceptan que en caso de superar el monto máximo de ventas establecido en el párrafo precedente para el período correspondiente, el porcentaje a aplicar en concepto de Uso y Alquiler de la Plataforma Rappi será el correspondiente al del último escalón según el monto de ventas alcanzado.

Se aclara que dicho porcentaje será descontado por Rappi tanto para las órdenes pagadas por los Usuarios/Consumidores con Métodos de Pago In-App como para aquellas pagadas por los Usuarios/Consumidores con Métodos de Pago Offline.

Las órdenes que no sean tomadas por el Aliado Comercial dentro de los siete (7) minutos siguientes después de haber sido solicitadas y tramitadas a través de la Plataforma Rappi, serán incluidas como órdenes tomadas y sumarán al valor final cobrado por concepto de Uso y Alquiler Plataforma Rappi en la relación de ventas.",,,,,,,
41," El Aliado Comercial pagará a Rappi, por concepto del Uso y Alquiler de la Plataforma Rappi un porcentaje variable sobre el valor total de las órdenes realizadas por el Aliado Comercial por medio de la Plataforma Rappi. Dicho porcentaje variará dependiendo de las órdenes del Aliado Comercial por medio de la Plataforma Rappi generadas de forma  ______________ (MENSUAL / BIMESTRAL / TRIMESTRAL), de conformidad con lo establecido a continuación:

*EJEMPLO* Entre 0 y 100 órdenes por período: 15% + IVA; Entre 100 y 500 órdenes por período: 20% + IVA; Entre 500 y 1000 órdenes por período: 25% + IVA;  *EJEMPLO*

Se aclara que este porcentaje se calculará sobre el precio de los Productos del Aliado Comercial en la Plataforma Rappi. Asimismo, las Partes aceptan que en caso de superar la cantidad máxima de órdenes establecidas en el párrafo precedente para el período correspondiente, el porcentaje a aplicar en concepto de Uso y Alquiler de la Plataforma Rappi será el correspondiente al del último escalón según la cantidad de órdenes alcanzada.

Se aclara que dicho porcentaje será descontado por Rappi tanto para las órdenes pagadas por los Usuarios/Consumidores con Métodos de Pago In-App como para aquellas pagadas por los Usuarios/Consumidores con Métodos de Pago Offline.

Las órdenes que no sean tomadas por el Aliado Comercial dentro de los siete (7) minutos siguientes después de haber sido solicitadas y tramitadas a través de la Plataforma Rappi, serán incluidas como órdenes tomadas y sumarán al valor final cobrado por concepto de Uso y Alquiler Plataforma Rappi en la relación de ventas.
",,,,,,,
42,"El Aliado Comercial pagará a Rappi la siguiente suma, por concepto del Uso y Alquiler de la Plataforma Rappi: Se pagará el ____________ % (_____por ciento) más IVA sobre el valor total de las ventas realizadas por el Aliado Comercial por medio de la Plataforma Rappi. Este porcentaje se calculará sobre el precio de los Productos del Aliado Comercial en la Plataforma Rappi. Se aclara que dicho porcentaje será descontado por Rappi tanto para las órdenes pagadas por los Usuarios/Consumidores con Métodos de Pago In-App como para aquellas pagadas por los Usuarios/Consumidores con Métodos de Pago Offline.

Las órdenes que no sean tomadas por el Aliado Comercial dentro de los 7 (siete) minutos siguientes, después de haber sido solicitadas y tramitadas a través de la Plataforma Rappi, serán incluidas como órdenes tomadas y sumarán al valor final cobrado por concepto de Uso y Alquiler de la Plataforma Rappi en la relación de ventas.
",,,,,,,
43,"Rappi reembolsará al Aliado Comercial el valor de las órdenes solicitadas semanalmente por los Usuarios/Consumidores y tramitadas a través de la Plataforma Rappi, la semana inmediatamente siguiente al corte semanal menos: (i) el valor cobrado por Rappi por concepto de Uso y Alquiler de la Plataforma Rappi; y (ii) cualquier otro descuento aplicable de conformidad con lo establecido en los presentes Términos y Condiciones. Se aclara que la fecha de corte semanal y de pago será debidamente informada por parte de Rappi al Aliado Comercial.

Rappi pagará al Aliado Comercial el valor determinado en la cuenta bancaria relacionada a continuación: 

●        Titular: 
●        Cuenta: 
●        Clabe Interbancaria: 
●        Banco: 


El Aliado Comercial acepta el envío y recibo de facturas por medios electrónicos.

Se aclara que en ningún caso, las Partes podrán conciliar órdenes o pagos que tengan una vigencia superior a 2 (dos) meses desde su creación al interior de la Plataforma Rappi, entendiéndose que cualquier error o diferencia de una orden o pago específico deberá ser conciliado entre las Partes con anterioridad.",,,,,,,
44,"Rappi reembolsará al Aliado Comercial el valor de las órdenes solicitadas semanalmente por los Usuarios/Consumidores y tramitadas a través de la Plataforma Rappi, la semana inmediatamente siguiente al corte semanal menos: (i) el valor cobrado por Rappi por concepto de Uso y Alquiler de la Plataforma Rappi; y (ii) cualquier otro descuento aplicable de conformidad con lo establecido en los presentes Términos y Condiciones. Se aclara que la fecha de corte semanal y de pago será debidamente informada por parte de Rappi al Aliado Comercial.  

Rappi pagará al Aliado Comercial el valor determinado en la cuenta bancaria relacionada a continuación: 


Titular: 
Cuenta: 
Clabe Interbancaria: 
Banco: 

Dado que el valor cobrado por concepto de Uso y Alquiler de la Plataforma Rappi varía dependiendo de las órdenes generadas en un período _________________ (MENSUAL / BIMETRAL / TRIMESTRAL) por el Aliado Comercial, y, el reembolso de las órdenes se realiza de manera semanal, el valor a descontar semanalmente por concepto de Uso y Alquiler de la Plataforma Rappi, se determinará de conformidad con las órdenes totales del período inmediatamente anterior realizadas a la fecha del reembolso por parte de Rappi. Sin perjuicio de lo anterior, el Aliado Comercial acepta que, cada vez que éste alcance un escalón de órdenes, Rappi realice el descuento correspondiente a la diferencia entre el valor cobrado por concepto de Uso y Alquiler de la Plataforma Rappi correspondiente al escalón alcanzado y el valor efectivamente cobrado por dicho concepto las semanas anteriores de dicho período. 

El Aliado Comercial acepta el envío y recibo de facturas por medios electrónicos.

Se aclara que en ningún caso, las Partes podrán conciliar órdenes o pagos que tengan una vigencia superior a 2 (dos) meses desde su creación al interior de la Plataforma Rappi, entendiéndose que cualquier error o diferencia de una orden o pago específico deberá ser conciliado entre las Partes con anterioridad.
",,,,,,,
45,"Rappi reembolsará al Aliado Comercial el valor de las órdenes solicitadas semanalmente por los Usuarios/Consumidores y tramitadas a través de la Plataforma Rappi, la semana inmediatamente siguiente al corte semanal menos: (i) el valor cobrado por Rappi por concepto de Uso y Alquiler de la Plataforma Rappi; y (ii) cualquier otro descuento aplicable de conformidad con lo establecido en los presentes Términos y Condiciones. Se aclara que la fecha de corte semanal y de pago será debidamente informada por parte de Rappi al Aliado Comercial.

Rappi pagará al Aliado Comercial el valor determinado en la cuenta bancaria relacionada a continuación: 

Titular: 
Cuenta: 
Clabe Interbancaria: 
Banco: 

Dado que el valor cobrado por concepto de Uso y Alquiler de la Plataforma Rappi varía dependiendo de las ventas generadas en un período _________________ (MENSUAL / BIMETRAL / TRIMESTRAL) por el Aliado Comercial, y, el reembolso de las ventas se realiza de manera semanal, el valor a descontar semanalmente por concepto de Uso y Alquiler de la Plataforma Rappi, se determinará de conformidad con las ventas totales del período inmediatamente anterior realizadas a la fecha del reembolso por parte de Rappi. Sin perjuicio de lo anterior, el Aliado Comercial acepta que, cada vez que éste alcance un escalón de ventas, Rappi realice el descuento correspondiente a la diferencia entre el valor cobrado por concepto de Uso y Alquiler de la Plataforma Rappi correspondiente al escalón alcanzado y el valor efectivamente cobrado por dicho concepto las semanas anteriores de dicho período. 

El Aliado Comercial acepta el envío y recibo de facturas por medios electrónicos.

Se aclara que en ningún caso, las Partes podrán conciliar ventas o pagos que tengan una vigencia superior a 2 (dos) meses desde su creación al interior de la Plataforma Rappi, entendiéndose que cualquier error o diferencia de una orden o pago específico deberá ser conciliado entre las Partes con anterioridad.
",,,,,,,
46,"Rappi reembolsará al Aliado Comercial el valor de todas las órdenes solicitadas semanalmente por los Usuarios/Consumidores y tramitadas a través de la Plataforma Rappi en la modalidad MarketPlace, incluyendo el costo de envío y propina, que hayan sido pagadas por los Usuarios/Consumidores con Métodos de Pago In-App, la semana inmediatamente siguiente al corte semanal. De igual forma, Rappi pagará al Aliado Comercial hasta $25.00 M.N. (veinticinco pesos 00/100 Moneda Nacional) por el costo de envío de las órdenes realizadas a los Establecimientos de Comercio del Aliado Comercial por parte de los Usuarios/Consumidores que pertenezcan al Programa RappiPro, siempre y cuando dicha orden tenga el beneficio de costo de envío, de acuerdo con los términos y condiciones del Programa RappiPro.

Se aclara que la fecha de corte semanal y de pago será debidamente informada por parte de Rappi al Aliado Comercial.

Al valor total a reembolsar al Aliado Comercial se le restará: (i) El valor cobrado por Rappi por concepto de Uso y Alquiler de la Plataforma Rappi;  (ii) el valor total de las compensaciones otorgadas a los Usuarios/Consumidores en aquellas órdenes donde el Aliado Comercial haya entregado: (a) un Producto equivocado; (b) una orden incompleta; (c) un Producto en mal estado; (iii) el valor total de las compensaciones otorgadas a los Usuarios/Consumidores por órdenes reportadas como no entregadas por el Usuario/Consumidor, y, cuya entrega no pueda ser comprobada por el Aliado Comercial; (iv) Cualquier valor adicional cobrado por Rappi a los Usuarios/Consumidores en el momento de realizar la orden, independientemente del método de pago seleccionado; y (v) cualquier otro descuento aplicable de conformidad con lo establecido en los presentes Términos y Condiciones.

Rappi pagará al Aliado Comercial el valor determinado en la cuenta bancaria relacionada a continuación: 


●        Titular: 
●        Cuenta: 
●        Clabe Interbancaria: 
●        Banco: 

Si en el escenario descrito anteriormente, los valores a restar son superiores al valor de las órdenes tramitadas con Métodos de Pago In-App, incluyendo costo de envío y propina, el Aliado Comercial deberá pagar a Rappi la diferencia entre ambos valores mediante transferencia bancaria a la cuenta determinada por Rappi para dicho fin. 

El Aliado Comercial acepta el envío y recibo de facturas por medios electrónicos.

Se aclara que en ningún caso, las Partes podrán conciliar órdenes o pagos que tengan una vigencia superior a 2 (dos) meses desde su creación al interior de la Plataforma Rappi, entendiéndose que cualquier error o diferencia de una orden o pago específico deberá ser conciliado entre las Partes con anterioridad.
",,,,,,,
47,"Rappi reembolsará al Aliado Comercial el valor de todas las órdenes solicitadas semanalmente por los Usuarios/Consumidores y tramitadas a través de la Plataforma Rappi en la modalidad MarketPlace, incluyendo el costo de envío y propina, que hayan sido pagadas por los Usuarios/Consumidores con Métodos de Pago In-App, la semana inmediatamente siguiente al corte semanal. De igual forma, Rappi pagará al Aliado Comercial hasta $25.00 M.N. (veinticinco pesos 00/100 Moneda Nacional) por el costo de envío de las órdenes realizadas a los Establecimientos de Comercio del Aliado Comercial por parte de los Usuarios/Consumidores que pertenezcan al Programa RappiPro, siempre y cuando dicha orden tenga el beneficio de costo de envío, de acuerdo con los términos y condiciones del Programa RappiPro.

Se aclara que la fecha de corte semanal y de pago será debidamente informada por parte de Rappi al Aliado Comercial.

Al valor total a reembolsar al Aliado Comercial se le restará: (i) El valor cobrado por Rappi por concepto de Uso y Alquiler de la Plataforma Rappi;  (ii) el valor total de las compensaciones otorgadas a los Usuarios/Consumidores en aquellas órdenes donde el Aliado Comercial haya entregado: (a) un Producto equivocado; (b) una orden incompleta; (c) un Producto en mal estado; (iii) el valor total de las compensaciones otorgadas a los Usuarios/Consumidores por órdenes reportadas como no entregadas por el Usuario/Consumidor, y, cuya entrega no pueda ser comprobada por el Aliado Comercial; (iv) Cualquier valor adicional cobrado por Rappi a los Usuarios/Consumidores en el momento de realizar la orden, independientemente del método de pago seleccionado; y (v) cualquier otro descuento aplicable de conformidad con lo establecido en los presentes Términos y Condiciones. 

Rappi pagará al Aliado Comercial el valor determinado en la cuenta bancaria relacionada a continuación: 


Titular: 
Cuenta: 
Clabe Interbancaria: 
Banco: 

Si en el escenario descrito anteriormente, los valores a restar son superiores al valor de las órdenes tramitadas con Métodos de Pago In-App, incluyendo costo de envío y propina, el Aliado Comercial deberá pagar a Rappi la diferencia entre ambos valores mediante transferencia bancaria a la cuenta determinada por Rappi para dicho fin. 

Dado que el valor cobrado por concepto de Uso y Alquiler de la Plataforma Rappi varía dependiendo de las órdenes generadas en un período _________________ (MENSUAL / BIMETRAL / TRIMESTRAL) por el Aliado Comercial, y, el reembolso de las órdenes se realiza de manera semanal, el valor a descontar semanalmente por concepto de Uso y Alquiler de la Plataforma Rappi, se determinará de conformidad con las órdenes totales del período inmediatamente anterior realizadas a la fecha del reembolso por parte de Rappi. Sin perjuicio de lo anterior, el Aliado Comercial acepta que, cada vez que éste alcance un escalón de órdenes, Rappi realice el descuento correspondiente a la diferencia entre el valor cobrado por concepto de Uso y Alquiler de la Plataforma Rappi correspondiente al escalón alcanzado y el valor efectivamente cobrado por dicho concepto las semanas anteriores de dicho período. 

El Aliado Comercial acepta el envío y recibo de facturas por medios electrónicos.

Se aclara que en ningún caso, las Partes podrán conciliar órdenes o pagos que tengan una vigencia superior a 2 (dos) meses desde su creación al interior de la Plataforma Rappi, entendiéndose que cualquier error o diferencia de una orden o pago específico deberá ser conciliado entre las Partes con anterioridad.",,,,,,,
48,"Rappi reembolsará al Aliado Comercial el valor de todas las órdenes solicitadas semanalmente por los Usuarios/Consumidores y tramitadas a través de la Plataforma Rappi en la modalidad MarketPlace, incluyendo el costo de envío y propina, que hayan sido pagadas por los Usuarios/Consumidores con Métodos de Pago In-App, la semana inmediatamente siguiente al corte semanal. De igual forma, Rappi pagará al Aliado Comercial hasta $25.00 M.N. (veinticinco pesos 00/100 Moneda Nacional) por el costo de envío de las ventas realizadas a los Establecimientos de Comercio del Aliado Comercial por parte de los Usuarios/Consumidores que pertenezcan al Programa RappiPro, siempre y cuando dicha orden tenga el beneficio de costo de envío, de acuerdo con los términos y condiciones del Programa RappiPro.

Se aclara que la fecha de corte semanal y de pago será debidamente informada por parte de Rappi al Aliado Comercial.

Al valor total a reembolsar al Aliado Comercial se le restará: (i) El valor cobrado por Rappi por concepto de Uso y Alquiler de la Plataforma Rappi;  (ii) el valor total de las compensaciones otorgadas a los Usuarios/Consumidores en aquellas ventas donde el Aliado Comercial haya entregado: (a) un Producto equivocado; (b) una orden incompleta; (c) un Producto en mal estado; (iii) el valor total de las compensaciones otorgadas a los Usuarios/Consumidores por órdenes reportadas como no entregadas por el Usuario/Consumidor, y, cuya entrega no pueda ser comprobada por el Aliado Comercial; (iv) Cualquier valor adicional cobrado por Rappi a los Usuarios/Consumidores en el momento de realizar la orden, independientemente del método de pago seleccionado; y (v) cualquier otro descuento aplicable de conformidad con lo establecido en los presentes Términos y Condiciones.

Rappi pagará al Aliado Comercial el valor determinado en la cuenta bancaria relacionada a continuación: 


Titular: 
Cuenta: 
Clabe Interbancaria: 
Banco: 

Si en el escenario descrito anteriormente, los valores a restar son superiores al valor de las ventas tramitadas con Métodos de Pago In-App, incluyendo costo de envío y propina, el Aliado Comercial deberá pagar a Rappi la diferencia entre ambos valores mediante transferencia bancaria a la cuenta determinada por Rappi para dicho fin. 

Dado que el valor cobrado por concepto de Uso y Alquiler de la Plataforma Rappi varía dependiendo de las ventas generadas en un período _________________ (MENSUAL / BIMETRAL / TRIMESTRAL) por el Aliado Comercial, y, el reembolso de las ventas se realiza de manera semanal, el valor a descontar semanalmente por concepto de Uso y Alquiler de la Plataforma Rappi, se determinará de conformidad con las ventas totales del período inmediatamente anterior realizadas a la fecha del reembolso por parte de Rappi. Sin perjuicio de lo anterior, el Aliado Comercial acepta que, cada vez que éste alcance un escalón de ventas, Rappi realice el descuento correspondiente a la diferencia entre el valor cobrado por concepto de Uso y Alquiler de la Plataforma Rappi correspondiente al escalón alcanzado y el valor efectivamente cobrado por dicho concepto las semanas anteriores de dicho período. 

El Aliado Comercial acepta el envío y recibo de facturas por medios electrónicos.

Se aclara que en ningún caso, las Partes podrán conciliar ventas o pagos que tengan una vigencia superior a 2 (dos) meses desde su creación al interior de la Plataforma Rappi, entendiéndose que cualquier error o diferencia de una orden o pago específico deberá ser conciliado entre las Partes con anterioridad.

",,,,,,,
49,Rappi efectuará las retenciones correspondientes por las ventas realizadas por el Aliado Comercial a través de la Plataforma Rappi. Dichas retenciones se realizarán sobre el valor de las ventas del Aliado Comercial . ,,,,,,,
50,"En el caso en el que Pick-Up se encuentre habilitado, el Aliado Comercial declara y acepta lo siguiente: (i) Rappi cobrará, por concepto de Uso y Alquiler de la Plataforma Rappi el ____% (_______ por ciento) + IVA del valor de las órdenes tramitadas bajo la modalidad Pick-Up; (ii) Rappi cubrirá el 35% (treinta y cinco por ciento) del valor total de las órdenes canceladas, cuya cancelación no sea culpa exclusiva del Aliado Comercial. Se aclara que dentro de dicho porcentaje no se tendrá en cuenta el valor de los Productos que no requieren preparación; (iii) El Aliado Comercial asumirá las compensaciones otorgadas a los Usuarios/Consumidores en aquellas órdenes donde el Aliado Comercial haya entregado: (a) un Producto equivocado; (b) una orden incompleta; (c) un Producto en mal estado. El descuento de dichas compensaciones se realizará sobre el valor a reembolsar semanalmente al Aliado Comercial, de conformidad con lo establecido en los presentes Términos y Condiciones; (iv) El Aliado Comercial asumirá el valor total de las compensaciones otorgadas a los Usuarios/Consumidores por órdenes reportadas como no entregadas por el Usuario/Consumidor y cuya entrega no pueda ser comprobada por el Aliado Comercial. El descuento de dichas compensaciones se realizará sobre el valor a reembolsar semanalmente al Aliado Comercial, de conformidad con lo establecido en los presentes Términos y Condiciones; (v) En aquellas órdenes en donde el Usuario/Consumidor seleccione efectivo o tarjeta débito como método de pago, el Aliado Comercial será el único responsable de cobrar el valor de la orden al Usuario/Consumidor al entregar los Productos en el Establecimiento de Comercio. El Aliado Comercial no podrá cobrar al Usuario/Consumidor un valor diferente al establecido en la Plataforma Rappi; (vi) El Aliado Comercial será el único responsable de verificar que los Productos sean entregados al Usuario/Consumidor correcto; (vii) Rappi podrá desactivar Pick-Up en cualquier momento de manera unilateral, previa notificación al Aliado Comercial.",,,,,,,
51,"En adición a los presentes Términos y Condiciones, al Aliado Comercial le aplicarán las condiciones especiales de los Aliados Comerciales Premium, de conformidad con lo establecido en el siguiente enlace: https://legalaliados.rappi.com/?page_id=6 o el enlace que Rappi informe al Aliado Comercial para tal efecto. 

Se aclara que en el caso en el que dichas condiciones especiales sean modificadas, Rappi notificará al Aliado Comercial con una anticipación mínima de 8 (ocho) días hábiles. ",,,,,,,
52,"En el caso en el que el Aliado Comercial adquiera a través de Rappi las tablets necesarias para recibir y tramitar las órdenes solicitadas por los Usuarios/Consumidores por medio de la Plataforma Rappi, el valor de la(s) misma(s) será descontado en 4 (cuatro) cuotas semanales del mismo valor, del valor total de ventas generadas semanalmente por medio de la Plataforma Rappi. Se aclara que el valor pagadero por parte del Aliado Comercial mencionado anteriormente es adicional a aquel pagado por concepto de Uso y Alquiler de la Plataforma Rappi.

En el caso en el que el Aliado Comercial no pueda cubrir el pago de la cuota semanal a partir de sus ventas, estará obligado a completar el valor faltante por medio de una transferencia bancaria a favor de Rappi a la cuenta bancaria determinada por éste último para dicho fin.

En el caso en el que cese el uso de la Plataforma Rappi por parte del Aliado Comercial, sin que el valor de la(s) tablet(s) haya sido pagado en su totalidad, el Aliado Comercial deberá pagar el valor faltante dentro de los 15 (quince) días hábiles siguientes a la fecha de terminación efectiva.",,,,,,,
53,"(i) Los presentes Términos y Condiciones aplicarán durante un periodo de __________ (______) meses, contados a partir de la suscripción de los mismos por parte del Aliado Comercial. Se aclara que la vigencia de los mismos se prorrogará automáticamente por periodos similares al finalizar cada periodo. En el caso en el que Rappi o el Aliado Comercial, no desee prorrogar los presentes Términos y Condiciones, deberá notificarlo con un periodo no inferior a 30 (treinta) días calendario a la fecha de terminación. 

(ii) En el caso en el que el Aliado Comercial desee cesar el uso de la Plataforma Rappi para ofrecer, exhibir y comercializar sus Productos, de manera anticipada, deberá notificarle a Rappi, con un periodo no inferior a 90 (noventa) días calendario a la fecha de terminación deseada. De igual manera, se obligará al Aliado Comercial a pagarle a Rappi la penalidad de mayor valor de las siguientes 2 (dos) penalidades:

(a) el 10% (diez por ciento) del valor total de las ventas realizadas por el Aliado Comercial a través de la Plataforma Rappi hasta la fecha de terminación deseada; 

(b) el 10% (diez por ciento) del valor total de las ventas futuras del Aliado Comercial a través de la Plataforma Rappi. Se aclara que el valor de las ventas futuras del Aliado Comercial se determinará de conformidad con la siguiente ecuación: 
VF = VP * (VA – ME) 
VF = Ventas futuras del Aliado Comercial.
VP = Ventas promedio del Aliado Comercial.  
VA = Vigencia de los Términos y Condiciones (en meses).
ME = Meses ejecutados de los Términos y Condiciones. 

El pago del valor de la penalidad deberá ser realizado dentro de los 30 (treinta) días siguientes a la fecha de terminación deseada, mediante transferencia bancaria a la cuenta que Rappi le señale al Aliado Comercial para ese fin. 

Para los fines del presente numeral, se entenderá que el Aliado Comercial desea cesar el uso de la Plataforma Rappi para ofrecer, exhibir y comercializar sus Productos, de manera anticipada, cuando por un periodo igual o superior a 1 (un) mes el Aliado Comercial: (1) no se conecte a la Aplicación Rappi Aliados; (2) no tramite ninguna orden; y/o (3) apague sus Establecimientos de Comercio por medio del Portal de Partners. 

(iii) En el caso en el que Rappi desee que el Aliado Comercial cese el uso de la Plataforma Rappi para ofrecer, exhibir y comercializar sus Productos, de manera anticipada, deberá notificarle al Aliado Comercial, con un periodo no inferior a 90 (noventa) días calendario a la fecha de terminación deseada. De igual manera, se obligará a no cobrar ningún valor por concepto de Uso y Alquiler de la Plataforma Rappi durante dichos 90 (noventa) días calendario anteriores al cese del uso de la Plataforma Rappi por parte del Aliado Comercial. 

(iv) En el caso en el que exista incumplimiento de las obligaciones por Rappi o el Aliado Comercial se podrá cesar el uso de la Plataforma Rappi por parte del Aliado Comercial, sin que haya lugar a indemnización. Lo anterior aplicará, en el caso en el que quien haya incumplido no subsane ni remedie el incumplimiento dentro del plazo de 10 (diez) días calendario, contados a partir de la notificación por escrito del incumplimiento. 

(v) El uso del Aliado Comercial de la Plataforma Rappi, cesará en caso de disolución o declaración de liquidación obligatoria de cualquiera de las Partes. 

(vi) Rappi podrá cesar el uso de la Plataforma Rappi por parte del Aliado Comercial, en el caso en el que identifique actuaciones irregulares en la cuenta del Aliado Comercial en el Portal de Partners, en la Aplicación Rappi Aliados y/o en la(s) tienda(s) virtual(es) del Aliado Comercial al interior de la Plataforma Rappi. ",,,,,,,
54,"El Aliado Comercial se obliga a tener exclusividad con Rappi, por lo que no podrá celebrar y/o ejecutar, de manera directa o indirecta, ningún tipo de acuerdo con un objeto igual o similar al objeto de los presentes Términos y Condiciones con cualquier empresa y/o plataforma virtual que preste servicios iguales o similares a Rappi (en adelante, “Empresa Tercera”). En caso de incumplir con esta obligación, el Aliado Comercial se verá obligado a duplicar el porcentaje acordado por concepto del Uso y Alquiler de la Plataforma Rappi. Dicho aumento aplicará de manera automática, a partir de la configuración del incumplimiento de la presente condición de exclusividad. Adicionalmente, dicho aumento en este valor se deberá aplicar de manera retroactiva por el periodo de tiempo anterior a la fecha de celebración del acuerdo con la Empresa Tercera y permanecerá hasta que el Aliado Comercial termine dicho acuerdo con dicha Empresa Tercera. 

El incumplimiento del Aliado Comercial de la obligación de exclusividad frente a Rappi, establecida en la presente condición, lo hará incurrir en el pago del 10% (diez por ciento) del valor total de las ventas realizadas a través de la Plataforma Rappi hasta el momento en que se configure el incumplimiento, y deberá ser pago dentro de los 30 (treinta) días siguientes a partir del incumplimiento.

Este incumplimiento se entenderá configurado sin necesidad de requerimiento por parte de Rappi, declarando el Aliado Comercial que renuncia a constitución en mora, y lo anterior no lo excluye de cumplir con el pago de las demás sumas de dinero que adeude a Rappi hasta ese momento. ",,,,,,,
55,"El Aliado Comercial deberá prestar el servicio de atención al cliente al Usuario/Consumidor con relación a cualquier PQR relacionada con las órdenes tramitadas por el Aliado Comercial. En el caso en el que el Usuario/Consumidor requiera asistencia con su orden, éste deberá comunicarse directamente con la línea telefónica de atención al cliente del Aliado Comercial. De esta manera, el Aliado Comercial se obliga a tener disponible un número de teléfono válido en su tienda al interior de la Plataforma Rappi para atender cualquier reclamación de los Usuarios/Consumidores.",,,,,,,
56,"El Aliado Comercial determinará: (i) el Radio de Cobertura de los Establecimientos de Comercio; y (ii) el costo de envío fijo cobrado a los Usuarios/Consumidores, siempre y cuando se encuentre dentro de los rangos mínimos y máximos determinados para ambas variables por parte de Rappi. Sin perjuicio de lo anterior, el Aliado Comercial acepta y reconoce que el Radio de Cobertura se podrá modificar de acuerdo con los presentes Términos y Condiciones. ",,,,,,,
57,"El Aliado Comercial declara y garantiza que es titular o licenciatario de los derechos necesarios sobre las imágenes y/o fotografías introducidas dentro de la Plataforma Rappi para que sean exhibidas al interior de dicha plataforma, y, garantiza que cuenta con todos los derechos y facultades necesarios para otorgar la autorización del uso de estas. De esta manera, el Aliado Comercial declara y acepta que será exclusivamente responsable por cualquier infracción de los derechos de terceros sobre la autoría o propiedad de dichas imágenes y/o fotografías. De conformidad con lo anterior, Rappi podrá eliminar los Productos, imágenes y/o fotografías contenidas en el Catálogo del Aliado Comercial que infrinjan la Ley Aplicable en materia de propiedad intelectual y/o protección al consumidor. ",,,,,,,